name,epoch_d,format,n_zones,n_zones_full,R_phot,T_phot,L_phot,T_color_thermalization,photoionized,photoeq_T_source,photoeq_converged,photoeq_iterations,photoeq_final_residual,X_HII_mean,tau_es_stella,tau_es_photoeq,tau_es_ratio,Gamma_BB_at_Rphot,Gamma_brems_at_Rphot,shock_R_s,shock_v_s_kms,shock_rho_csm,shock_T_shock,shock_L_shock,shock_eta_rad,shock_L_X_brems,shock_sanity_flag,shock_sanity_ratio_LXoverLphot,L_line,L_cont_band,red_peak_F,red_peak_dv,trough_F,trough_dv,global_peak_F,global_peak_dv,sigma_res2_vs_ref,he1_n_HeI_med,he1_n_HeII_med,he1_2_3S_frac,he1_NLTE_LTE_ratio,he1_tau_10830_med,he1_tau_5876_med,he1_tau_7065_med,he1_tau_6678_med,he1_iters,he2_X_HeIII_med,he2_X_HeII_med,he2_n_HeII_med,he2_n_HeIII_med,he2_tau_4686_med,he2_tau_1640_med,he2_tau_3203_med,he2_tau_10124_med,he2_iters,n_iter_used,runtime_min
day000.1,0.1,stella,29,400,3333435277233490.0,7372.933762034584,5.653390768050499e+42,14518.60664711593,True,7372.933762034584,True,14,0.0008619956150651927,0.7290030987838902,0.6326268849126109,0.6547309927341305,1.034940196739462,0.017145233045916634,0.0,699267988436740.8,3078.570598735765,4.608122084219807e-14,129243322.19729403,4.13084112084843e+42,0.993322666784085,4.0982511847648035e+42,False,0.6403517476195005,5.042376572679263e+40,4.190415957538583e+41,7.017461969128022,28.665236385025892,2.0774555137105395,-399.6002474549983,9.047501687366461,-228.2940539190419,,5981425.626906493,56762923.327189356,0.0015949832285017827,17195487870840.69,22069916.318884443,4687312.522805973,630417.1476596534,11466.912072497296,13,8.915401191617564e-34,1.0,62744343.39330929,5.593909938559713e-26,1.8962863230902242e-27,6.464673086862061e-24,2.042581743649802e-28,4.774996487602838e-27,37,2,0.933520233631134
day000.2,0.2,stella,29,400,3333616485287776.0,7358.47396020522,5.633890768050499e+42,14500.1951125764,True,7358.47396020522,True,14,0.0008616479535389296,0.7263478983660756,0.6306891245804481,0.6527884455911587,1.0350399589106782,0.016478694848503228,0.0,701937461378566.4,3077.235598735765,4.61712042302171e-14,129131255.6266103,4.165145291078266e+42,0.9933664887441153,4.1324626382635265e+42,False,0.645697287228676,4.899469173514445e+40,4.183048957292981e+41,6.94332732280263,28.665236385025892,1.9650502076781207,-399.6002474549983,8.599856088003309,-228.2940539190419,,6244141.960362524,56500206.993733324,0.00152227264928765,17682651879848.426,21815758.164560426,4617786.755680302,621151.4625597346,11051.212954962375,13,7.273889858945805e-34,1.0,62744343.39330929,4.5639544311480567e-26,1.8838085136012578e-27,5.472901002685499e-24,2.029141291500628e-28,4.7435763994272976e-27,38,2,0.8799086968104045
day000.3,0.3,stella,29,400,3333797693342061.0,7344.014158375856,5.614390768050499e+42,14481.78357803687,True,7344.014158375856,True,14,0.0008612856654071025,0.7236879924389988,0.6287513779698168,0.6508459108092718,1.0351403330690045,0.015835440242704644,0.0,704606934320392.2,3075.900598735765,4.626118761823613e-14,129019237.66332807,4.199594535159987e+42,0.9934099079329711,4.1668192686713933e+42,False,0.6510655107299052,4.94001497333432e+40,4.175616232873478e+41,6.87202753390226,28.665236385025892,1.9817597525018813,-399.6002474549983,9.277609990074327,-228.2940539190419,,6506858.293818568,56237490.66027728,0.0014554245086507113,18221013520239.316,21567338.180403467,4549293.3122956995,612021.8886550671,12170.73350097935,13,5.929915749222478e-34,1.0,62744343.39330929,3.720686700626081e-26,1.871493696697011e-27,4.630705906698238e-24,2.015876406524606e-28,4.712566738043011e-27,38,2,0.8794211506843567
day000.4,0.4,stella,29,400,3333978901396346.0,7329.554356546494,5.5948907680505e+42,14463.37204349733,True,7329.554356546494,True,14,0.0008609081347604574,0.7210277204649456,0.6268136450807188,0.6489033883884706,1.035241324883582,0.015214754217203091,0.0,707276407262217.9,3074.5655987357654,4.635117100625515e-14,128907268.30744745,4.234188736696813e+42,0.9934529292817895,4.2013209580337173e+42,False,0.6564563996927684,4.9522961499689405e+40,4.168117532123447e+41,7.07190242543237,28.665236385025892,1.9920798235018504,-399.6002474549983,8.788978099849944,-228.2940539190419,,6769574.627274571,55974774.326821275,0.0013937562349055725,18811751173140.68,21324463.02394393,4481812.457903835,603025.8287570328,17477.943661282166,13,4.83041338908018e-34,1.0,62744343.39330929,3.0308111641608574e-26,1.8695474424208123e-27,3.9159152764404114e-24,2.0101795635676334e-28,4.681959514145698e-27,37,6,1.4583304484685262
day000.5,0.5,stella,29,400,3334160109450632.0,7315.09455471713,5.5753907680505e+42,14444.9605089578,True,7315.09455471713,True,14,0.0008605147223132267,0.7183670823174138,0.624875925913152,0.6469608783287543,1.0353429400937935,0.014615940413839547,0.0,709945880204043.6,3073.2305987357654,4.644115439427418e-14,128795347.55896837,4.2689277772065815e+42,0.993495557645298,4.235967586314081e+42,False,0.6618699353615751,4.955046642009295e+40,4.160552603984471e+41,6.993784660306359,28.665236385025892,2.3170404114411434,-371.0492151990056,8.907366837017557,-228.2940539190419,,7032290.9607306225,55712057.99336523,0.0013366872557523714,19456460452681.01,21086947.934827838,4415324.965769451,594160.7527025886,16903.252805801818,13,3.931624529024239e-34,1.0,62744343.39330929,2.4668719954265474e-26,1.876189345364801e-27,3.309586568940494e-24,2.0179399225616622e-28,4.651746944398239e-27,37,4,1.1656716823577882
day000.6,0.6,stella,29,400,3334341317504918.0,7300.634752887766,5.555890768050499e+42,14426.54897441827,True,7300.634752887766,True,14,0.0008601047648657528,0.7157060778698426,0.6229382204671172,0.6450183806301233,1.03544518451035,0.014038320738885243,0.0,712615353145869.5,3071.8955987357654,4.653113778229321e-14,128683475.41789082,4.303811536128472e+42,0.9935377978032558,4.270759031401062e+42,False,0.667306098656416,4.953754830072475e+40,4.152921198539683e+41,6.945611299593048,28.665236385025892,2.1166202898224693,-399.6002474549983,8.909198606011184,-228.2940539190419,,7295007.294186646,55449341.6599092,0.001283720631669144,20157130605343.68,20854616.263834093,4349812.100888083,585424.195209902,16336.317885273405,13,3.1974937410826028e-34,1.0,62744343.39330929,2.00624645288444e-26,1.880683695839708e-27,2.795544864816238e-24,2.0232865297679236e-28,4.621921444845626e-27,38,4,1.1658774018287659
day000.7,0.7,stella,30,400,3270636848666939.0,7353.593097815337,5.4692826023095e+42,14408.13743987874,True,7353.593097815337,True,14,0.000861245746949632,0.72259688878589,0.6652000048460472,0.6881250817130411,1.034463434606107,0.01641746099303234,0.0,715284826087695.1,3070.5605987357653,4.662112117031224e-14,128571651.88421485,4.338839890829743e+42,0.9935796544618629,4.3056951691149665e+42,False,0.6727648701742135,5.089322153779196e+40,4.0631493514907196e+41,7.226408204779958,28.665236385025892,2.1126604275749297,-399.6002474549983,9.13006559655489,-228.2940539190419,,6323997.492608058,57373630.13366275,0.0015256455381828082,17360288411236.762,20686000.37059875,4304564.016154008,578846.6611808054,12427.414431270772,13,1.2143165499120167e-33,1.0,63697621.98099889,7.825896475116825e-26,1.8778339054584464e-27,6.835477481570574e-24,2.018468731442155e-28,4.618938332007472e-27,38,6,1.4934264461199442
day000.8,0.8,stella,30,400,3270818309874578.0,7338.999501086955,5.448782602309499e+42,14389.72590533921,True,7338.999501086955,True,14,0.0008608618233300835,0.7200095668045188,0.6632621050482814,0.6861823826779039,1.034556893052037,0.015765887312349035,0.0,717954299029520.9,3069.2255987357653,4.671110455833126e-14,128459876.95794043,4.374012716612495e+42,0.9936211322551373,4.340775873214582e+42,False,0.6782462301897784,5.122635241252557e+40,4.054815218814987e+41,7.312965076990343,28.665236385025892,2.2233363055345414,-399.6002474549983,9.450954822895573,-228.2940539190419,,6554493.898376081,57143133.72789473,0.001467507854035105,18010374984756.76,20419401.52463348,4238938.77962053,570102.0678707409,16287.038407266595,13,9.885013608684721e-34,1.0,63697621.98099889,6.370638726326241e-26,1.8900887517548824e-27,5.774207079340998e-24,2.032375686587802e-28,4.614182299680079e-27,37,2,0.8938193519910177
day000.9,0.9,stella,30,400,3270999771082218.0,7324.405904358573,5.4282826023095e+42,14371.31437079968,True,7324.405904358573,True,14,0.0008604615485990857,0.717421890365745,0.6613242189720486,0.6842396960038525,1.0346508964504935,0.015137564569952503,0.0,720623771971346.6,3067.8905987357653,4.680108794635029e-14,128348150.63906755,4.409329886720368e+42,0.9936622357462629,4.3760010154038796e+42,False,0.6837501586568562,5.135208958007376e+40,4.046412219572855e+41,7.293560018374461,28.665236385025892,2.151134096787785,-399.6002474549983,9.299651319575801,-228.2940539190419,,6784990.304144103,56912637.32212671,0.001413313144995337,18713420094108.926,20157373.79709766,4174444.804655348,561506.732583567,18807.835922665075,13,8.040236687446276e-34,1.0,63697621.98099889,5.181769129399475e-26,1.8967029101235463e-27,4.875085206883068e-24,2.042163417104217e-28,4.645812240951645e-27,37,2,0.8961405992507935
day001,1.0,stella,30,400,3271181356043587.0,7309.264939272748,5.407512187957e+42,14348.39007868621,True,7309.264939272748,True,14,0.0008600289350792177,0.7144872545348905,0.6590914893017297,0.6820005610657449,1.0347585610433023,0.014510866293279717,0.0,723289024361066.9,3066.43391227714,4.692913252721357e-14,128226295.82032096,4.447817633306447e+42,0.9937085041302615,4.414398226727503e+42,False,0.6898954710801606,5.143025986182022e+40,4.03799324180938e+41,7.266347352696261,28.665236385025892,2.322814122356869,-399.6002474549983,9.315566340584454,-228.2940539190419,,7066702.694546018,56630132.615085766,0.0013516128600592392,19378048246028.887,19898337.31325624,4107220.7332730256,552547.0242711817,18148.162895441823,13,6.474085153580214e-34,1.0,63696829.66443007,4.1723696767357606e-26,1.8941412008673475e-27,4.0860152274057184e-24,2.039563521976737e-28,4.6918813223390335e-27,37,2,0.901468300819397
day002,2.0,stella,31,400,3209130282906248.0,7178.537604800495,5.1024581050865e+42,13747.06707287912,True,7178.537604800495,True,14,0.000855061015165142,0.6665871321919614,0.6581373648571284,0.6816997206924471,1.035801577441867,0.010143609873541447,0.0,749593560723131.2,3041.83391227714,5.134775086654682e-14,126177196.2782253,5.1022235170837493e+42,0.9945358043996934,5.0680017150179603e+42,False,0.8078237371604865,5.015201815293235e+40,3.866945577225045e+41,7.57752926191957,28.665236385025892,2.2937534232303007,-399.6002474549983,9.615302361836308,-256.8450861750013,,12352717.238827445,52223038.40626732,0.0007199300785636725,21666289665474.438,16458703.929679578,3103097.0909945183,419190.5505224343,31329.80109756464,13,5.531913182330248e-35,1.0,64575749.921997786,3.57227442252361e-27,1.847381946455215e-27,6.028563048788223e-25,1.9898940612736786e-28,4.651362031992888e-27,36,6,1.495577331384023
day003,3.0,stella,32,400,3147088461252868.0,7060.380465237237,4.798647928237499e+42,13143.64305632248,True,7060.380465237237,True,14,0.0008483805700029215,0.6206977888062865,0.6582513618834911,0.6826759196312008,1.03710521415075,0.007221544554193619,0.0,775949315713385.2,3012.18583183282,3.938374367660408e-14,123729540.78175132,4.072010206083311e+42,0.993260025988805,4.039409855967627e+42,False,0.6570341722181354,5.046254983835848e+40,3.683601021909295e+41,7.985814886287708,28.665236385025892,2.3955027414079724,-399.6002474549983,9.83228102773199,-256.8450861750013,,17569813.918752085,47911570.91862728,0.0004696895605974208,35743884019447.22,13277749.43405369,2583581.6592581277,348889.2159844737,18499.739987323526,13,5.747520404100814e-36,1.0,65481379.03402,3.7982136009839764e-28,1.788454819888133e-27,1.0101523074360288e-25,1.9263863916715195e-28,4.5013576028320854e-27,33,6,1.4944083531697592
day004,4.0,stella,33,400,3085069059037506.0,6856.802538136653,4.5936479282375e+42,13018.58515028412,True,6856.802538136653,True,13,0.000863337944005646,0.5445789426315218,0.6213223498709782,0.6462154985881416,1.040064788788513,0.004049322603727173,0.0,801820945614740.2,2992.3858318328203,4.204041951136339e-14,122108264.23276322,4.550451320508899e+42,0.9939654606008058,4.517150051229046e+42,False,0.7581725182519555,4.611072478721906e+40,3.6000499021728914e+41,7.605907366641985,28.665236385025892,2.222295749767827,-399.6002474549983,9.609886858057136,-256.8450861750013,,27497887.025302853,38887042.241687275,0.0002470128925061764,58917525030156.82,10372703.342274971,1949002.5248040762,263814.488532151,20644.566801601777,13,2.3280493849936062e-37,1.0,66384923.38355315,1.5454738005592856e-29,1.734361773594454e-27,7.251899348652127e-27,1.8681649499063196e-28,4.3672565453864066e-27,29,6,1.4800366322199503
day005,5.0,stella,35,400,2959185950563004.0,6804.376777316574,4.3085397624965e+42,11555.3588204961,True,6804.376777316574,True,13,0.0008608441229906501,0.48664653353949927,0.6374797015906704,0.6645244689204973,1.0424245152627505,0.003538835890551443,0.0,827757520912948.1,2957.655625390977,4.474819016494432e-14,119290288.59147364,4.984302944594106e+42,0.9946314023189057,4.9509904680695316e+42,False,0.8586286832660905,4.65539547397401e+40,3.3936375584805985e+41,7.864039233511719,28.665236385025892,2.3752165334183766,-399.6002474549983,10.46210987462741,-256.8450861750013,,36963533.03336149,31517328.474837217,0.00015075713597699502,101043907918714.4,9578134.82796919,1685393.842757769,228434.8739696695,14328.203214372643,13,1.619537378813579e-38,1.0,68480855.43900745,1.1090730511660173e-30,1.5909104974243011e-27,9.675089044730465e-28,1.713646668036367e-28,4.006036435517152e-27,28,6,1.5326996207237245
day010,10.0,stella,46,400,2266515906984988.0,6518.517140010099,2.889783668518e+42,9717.706721685314,True,6518.517140010099,True,13,0.0007395582131603465,0.2108298644522421,0.601956263201444,0.6431067594906202,1.068361272744836,0.0016670731180943273,0.0,954528592888126.8,2888.0732975482483,3.381966332624111e-14,113743424.76270391,4.663926161991053e+42,0.9941293903261273,4.6301179626495154e+42,False,1.1171469431313255,3.610184541773166e+40,2.333597035431809e+41,8.769524019193103,28.665236385025892,2.4299812471250934,-399.6002474549983,11.109790058218325,-256.8450861750013,,65210234.060970314,5934114.21008548,1.718846233581503e-05,5418216789967995.0,2271100.5063591194,232683.3970036155,31643.68143910518,46.77653693849608,13,3.6656122697221755e-45,1.0,81494043.96404198,3.0107170223142804e-37,1.396297674222146e-27,4.3847515759722295e-28,1.504019780429663e-28,3.5159862021804346e-27,20,6,1.6634494145711263
day020,20.0,stella,57,400,1587356883227271.0,6721.687723397421,1.829459171295e+42,8244.765000330011,True,6721.687723397421,True,13,0.0006996318125574235,0.0861514602441178,0.624585758066778,0.7064671768815332,1.1310971596089465,0.004074536321931984,0.0,1199203672505090.0,2736.01273612978,1.983917539508103e-14,102081280.12422553,3.6715016616990075e+42,0.9928601378083697,3.6396568956017064e+42,False,1.7803954284801327,3.7352979942889203e+40,1.4520588765458274e+41,12.672040908623414,28.665236385025892,3.6119510690971106,-399.6002474549983,17.696302760714097,-256.8450861750013,,91114772.78448214,155794.2172526836,3.438132165375675e-07,4.0614699925051633e+18,59003.083046866275,15.682330088840192,2.1329098701772025,2.1930267194105798e-05,13,2.476432197435186e-56,1.0,98190497.02451722,2.4316210831367826e-48,1.2174157196032344e-27,3.861569904423071e-28,1.3113373724620031e-28,3.0655475200351438e-27,24,6,1.6938734332720438
day030,30.0,stella,58,400,1549084967468642.0,7152.660581043858,1.3746214199065e+42,7303.72938880039,True,7152.660581043858,True,13,0.0006285721068187136,0.06186230899397646,0.4926922321744488,0.5808328212342087,1.178895836597139,0.010950890665541316,0.0,1434753114591448.0,2645.88785800935,1.668286744412291e-14,95466883.39017406,3.996862609092271e+42,0.9933597619695048,3.963765109985075e+42,False,2.7627262653792766,3.2911080000312427e+40,1.0447456315046698e+41,3.7780933924500615,28.665236385025892,0.9094051773694048,-399.6002474549983,5.390477980751166,-256.8450861750013,,95276718.1995706,39267.71026200084,7.870521381230572e-08,2.704676289559121e+20,13813.530479237334,0.17211359949947033,0.02340868442490266,9.195688833935929e-07,13,2.176467656825266e-62,1.0,98887896.05613413,2.1817176822342507e-54,1.2161994609423853e-27,3.8100853154366667e-28,1.310027281413506e-28,3.0624848860790934e-27,23,6,1.567986003557841
day040,40.0,stella,57,400,1689655608512249.0,6976.039343094259,8.051887569424995e+41,7255.943277759801,True,6976.039343094259,True,13,0.0008287594523771328,0.07138609452261614,0.5836149718269763,0.7406244185261992,1.269029161825155,0.003327657457156579,0.0,1663360234698132.0,2569.149215412155,1.055028695668648e-14,90009538.62266338,3.1101744985137847e+42,0.9914769938068716,3.078264961525396e+42,False,2.3771378563430434,7.423114863908933e+40,6.235539846417204e+40,7.638529483245409,28.665236385025892,1.2611310660999089,-171.19198940698982,8.022219360045469,0.114204128933304,,89422053.00004375,33212.38241451249,6.999300293091112e-08,7.384868978786394e+20,12355.318184163625,0.10744695961615076,0.01461355655565397,7.027674209385249e-07,13,7.728733300189814e-64,1.0,96176608.49781719,7.433233567963984e-56,1.2417946582678963e-27,3.8543309371845477e-28,1.3375971067969181e-28,3.1269355847373968e-27,37,6,1.5431756496429443
day050,50.0,stella,59,400,1885804622432114.0,5265.991497548075,6.130108165741e+41,7557.939235662116,True,5265.991497548075,True,20,0.0007886290101977722,0.15627721716536447,0.6640797330799465,1.3069906117163796,1.9681230229006779,3.0812047484892154e-06,24.73217110541031,1886371665012722.0,2506.35191955568,8.957861194599228e-15,85663138.04049273,3.1532970002469205e+42,0.9915751873591326,3.1209764949043036e+42,False,2.506917330272796,1.0510602908672528e+41,5.121495508103912e+40,22.489188426939748,28.665236385025892,4.852198464693655,-171.19198940698982,23.08740909067368,0.114204128933304,,84194981.95830682,8418867.364545597,2.1690514425552673e-05,4.1151683900531175e+22,3010779.390612409,69003.45042883292,9384.55007385907,185.1986500611221,13,3.534381536820178e-64,1.0,98643723.7661137,3.4864455600214207e-56,1.2406697876878215e-27,3.676764329138987e-28,1.3363854542717514e-28,3.1241030730804646e-27,30,2,0.9241576472918193
day060,60.0,stella,158,400,1243056538011085.0,5193.99040063529,6.190432662964e+41,7922.082445285147,True,5193.99040063529,True,22,0.000996127990678719,0.03727317893826773,0.6493981222535419,3.6082578566360732,5.556310886940501,4.9282631728678485e-06,59.404625122144246,2104689422630313.0,2450.40840950014,7.682865429923265e-15,81881695.46003072,3.1462596047515584e+42,0.9915845460937418,3.1137757115542146e+42,False,2.6277787589641677,7.439850516721101e+40,5.1536771643082025e+40,47.109421818426846,28.665236385025892,3.5099089231440765,-171.19198940698982,47.109421818426846,28.665236385025892,,10518856884.307503,141013793.30830252,2.551652021894898e-06,655201209418626.0,522357.56088990404,29591.992625435356,4023.0099147044184,226.76451280104249,13,3.137726699562422e-46,1.0,10997421248.349735,6.983501989464303e-36,1.0671018530149842e-29,3.0800062182575543e-30,1.149427034290355e-30,2.6870455066911075e-29,22,6,2.968452485402425
day070,70.0,stella,177,400,1161224666359759.0,5533.959542350165,5.9844050884245e+41,7947.748611094641,True,5533.959542350165,True,23,0.0006479998513746199,0.028566336384413846,0.6035695746049545,3.3923406625045853,5.620463332209752,2.9125913597193868e-05,68.49921266778969,2320493631061909.0,2344.454974079195,6.648082434066087e-15,74953802.66477932,2.8984293249751146e+42,0.9919226866408793,2.868971276313041e+42,False,2.5503192932454324,5.809228574630153e+40,5.032825602330884e+40,37.47742153776802,28.665236385025892,2.359925768009547,-171.19198940698982,37.47742153776802,28.665236385025892,,13418013985.271652,85253229.38433057,1.2187841931333522e-06,1902746560677964.8,317255.08783780434,21319.23295638937,2899.5554745256713,89.38233783123593,13,3.8209583459671975e-48,1.0,14049109166.390945,6.602250412383375e-38,1.1804118757099965e-29,3.5942155127317025e-30,1.2714787418885725e-30,2.9723689615098335e-29,23,6,2.9212565183639527
day080,80.0,stella,194,400,1099904965098973.0,5815.792743503997,5.614837751388499e+41,7873.689448804183,True,5815.792743503997,True,24,0.0006548407907536746,0.023573040472820522,0.6250290004014329,2.8267792446746567,4.522636938220661,0.00010433489393688026,76.97627152697397,2531385906392590.0,2297.16092319495,5.75037802684338e-15,71960259.04071276,2.80651417253561e+42,0.9917827457091243,2.777355121669246e+42,False,2.6578936537679674,4.409391802077664e+40,4.709755850957402e+40,29.217312427082227,28.665236385025892,1.9249144044303872,-171.19198940698982,29.217312427082227,28.665236385025892,,14457124067.261116,51915513.27893308,6.989056216190167e-07,4970010184670213.0,242760.41601495986,12929.95034483758,1758.525677257969,44.759400268910625,13,8.432397643907326e-50,1.0,14924698379.857304,1.2743945405952594e-39,1.235072605954636e-29,4.343186077113968e-30,1.3303564590246881e-30,3.110008933909217e-29,23,6,2.7262274026870728
day090,90.0,stella,209,400,1062495186465552.0,5755.461447879572,4.929675502777e+41,8053.826290294373,True,5755.461447879572,True,24,0.0009095002772419036,0.02085702554486148,0.6152585671430493,2.676097288034976,4.349549004187659,7.623928664869427e-05,84.53172445226348,2737176880043688.0,2309.712025809326,5.015089298420285e-15,72748752.31576459,2.908960147683583e+42,0.991196085662366,2.877102256436708e+42,False,2.972412359863621,3.6060461351211108e+40,4.140345708242628e+40,27.675055146052774,28.665236385025892,2.043656377589607,-171.19198940698982,27.675055146052774,28.665236385025892,,13904012145.099974,42498136.19108879,6.019198605993074e-07,1.6994667822489108e+16,275574.3995786104,12351.326661538851,1679.8649446410298,42.148518007717044,13,2.3986282395796423e-51,1.0,14311311956.48287,2.7387085639472103e-41,1.1563232487919816e-29,4.7872969285880495e-30,1.2455317163818031e-30,2.911711924377407e-29,24,6,2.6693691492080687
day100,100.0,stella,225,400,993742099301192.9,5803.985170366436,4.21731070995325e+41,7920.020288494239,True,5803.985170366436,True,25,0.0007107119740364931,0.01874656289969725,0.6648678677160527,2.9620314963817798,4.455067901772604,9.141026854430887e-05,94.3702493420359,2941830802354141.0,2269.1621000767173,4.318166413508458e-15,70216781.78796542,2.7435393226908236e+42,0.9908210858265601,2.712254307412959e+42,False,3.085879360537346,6.609686707574886e+41,3.5384938375155633e+40,459.7703669790202,28.665236385025892,48.753017686000454,-171.19198940698982,459.7703669790202,28.665236385025892,,13270039051.585987,32804333.865968928,4.948737799621755e-07,5.583272840506866e+16,229615.2698143154,9889.973278136351,1345.0566937843596,24.17895970434772,13,5.605828827956833e-53,1.0,13665046481.786991,6.149702085989085e-43,1.2234254997036663e-29,3.591752133236451e-30,1.3178107973727178e-30,3.08068061400311e-29,25,6,3.15249852736791
day110,110.0,stella,241,400,901794414527426.8,5765.446074497137,3.18687804698925e+41,7940.226926194895,True,5765.446074497137,True,25,0.0009912513977746729,0.0168998305727672,0.6178694010193212,2.7777728509558797,4.495728136679513,7.136792756971477e-05,110.06517470750143,3143844442421488.0,2230.055217838335,3.697873483246677e-15,67817396.2192828,2.546835323095204e+42,0.9903177831346712,2.5163143174075297e+42,False,3.211084780190804,4.410023530822352e+41,2.6761022896779798e+40,416.48600062137314,28.665236385025892,46.89593341280042,-171.19198940698982,416.48600062137314,28.665236385025892,,13249638598.259918,26698520.615705825,4.0830963421350395e-07,1.479244830927529e+17,204530.74066142074,7071.661492370313,961.7954803614227,11.884990234583537,13,2.224413757028261e-54,1.0,13546109629.601233,2.6663383075724144e-44,1.314835951023035e-29,3.771025210950271e-30,1.4162734170995055e-30,3.3108592438952163e-29,24,6,3.017874284585317
day120,120.0,stella,259,400,748188587862371.6,5532.285239404103,1.809134674072e+41,7788.923421001386,True,5532.285239404103,True,27,0.000701239084404448,0.015907057616063796,0.6196481364668369,2.8162219000576467,4.544872701651978,2.1047004676241335e-05,152.32656199649608,3343488669307114.0,2191.77414684301,3.171496086035057e-15,65509076.629724674,2.345476896068728e+42,0.9897520717523162,2.3158552808629366e+42,False,3.5017452694287763,2.423821925477845e+41,1.521446443215527e+40,401.5600618182946,28.665236385025892,49.399221131292286,-171.19198940698982,401.5600618182946,28.665236385025892,,12693207420.853203,20913898.639246177,3.3822092135851884e-07,5.032481869946809e+17,176023.2823481903,6242.525318374566,849.0090724748012,5.680480439569057,13,3.672351591426449e-56,1.0,12765037459.72763,2.7856399774902247e-46,1.4055420887959336e-29,3.991165611209525e-30,1.5139773866293673e-30,3.5392643574683336e-29,21,6,3.0235185662905377
day130,130.0,stella,286,400,453308580269062.6,4845.185190270373,3.048239641187497e+40,6450.089686752844,True,4845.185190270373,True,30,0.0007447287027082528,0.016021303302274546,0.6280380416523906,3.136492128577429,4.994111694771237,2.528018809256186e-07,392.24474684106565,3540935919043806.0,2153.185578513207,2.723057556977094e-15,63222665.63659849,2.1414957220075242e+42,0.9891301495673295,2.1129375188708e+42,False,4.068480501776163,8.339814109738441e+40,2.4634861087662573e+39,701.5839563445686,28.665236385025892,76.45562702309539,-142.64095715099708,701.5839563445686,28.665236385025892,,13621904149.015423,15914210.013624804,2.4055029110822843e-07,3.755557132153326e+18,168122.94995883043,4894.279681688975,665.6525110553621,2.1258281717409084,13,7.183530387690931e-59,1.0,13964008469.155409,3.646058356761775e-49,1.499835794698611e-29,4.248865617587251e-30,1.6155456993651523e-30,3.7767032467732003e-29,19,6,3.4031189680099487
day140,140.0,stella,373,400,290191893986041.4,4405.53395877434,5.099459171295e+39,4474.638302668069,True,4405.53395877434,True,33,0.0009375007167456983,0.02567163988290736,0.6615113491568924,2.2544469376914615,3.408024579721562,5.335334828022705e-09,908.3811818260746,3736393363902650.0,2112.766331482,2.367281981155939e-15,60871333.10608422,1.9583460991939017e+42,0.988597451473339,1.9310035190559126e+42,False,4.2915315505155265,2.3034921185986263e+40,3.823334139499058e+38,795.3810696499672,28.665236385025892,74.94568410608488,-142.64095715099708,795.3810696499672,28.665236385025892,,15543023007.148523,18880167.523054093,2.7752931190809244e-07,1.0114799190846194e+18,222482.77194923986,6313.591089758132,858.6743869224896,5.519537537436548,13,7.425528843478045e-57,1.0,15833849537.463432,6.417028026110223e-47,1.5925971633385765e-29,4.511648111009395e-30,1.715463457497892e-30,4.010283591605603e-29,15,6,3.043824084599813
day150,150.0,stella,386,400,244622013397748.7,4295.322476397053,2.469785283405333e+39,4289.164233514493,True,4295.322476397053,True,31,0.0008735149305726941,0.02093930746751629,0.6560815772218835,2.534176342017455,3.8625933572897884,1.5660956145002576e-09,721.770661653086,4260076157182771.0,2347.341691860709,9.424228699779848e-16,75138496.92026883,1.3899185417920294e+42,0.9695870638615602,1.3448197249246928e+42,False,3.8982708036750675,2.5019967263532813e+40,1.8020814870323047e+38,1133.8942914464155,28.665236385025892,204.55793411559355,-142.64095715099708,1133.8942914464155,28.665236385025892,,7181556321.017713,16560526.160558052,5.480084159150393e-07,1.737751247050276e+19,162104.06787393114,2835.996465019147,385.71212686538695,1.7981168217861665,13,2.7645624134726013e-59,1.0,7234543524.092978,1.5323591156043923e-49,1.6467764453471914e-29,4.665131905252501e-30,1.7738225834456087e-30,4.146711239880856e-29,6,6,3.3501562674840293
day160,160.0,stella,799,800,315211424898821.9,2811.283975886071,8.627804748416e+36,2811.283975886071,True,2811.283975886071,False,60,0.05660321675964064,0.02282764407310725,0.04870325418008302,0.11675405688853831,2.3972537123871356,4.480965012392285e-20,218.3816854778382,515818427365378.1,335.39725593552004,2.810676984194769e-13,1534012.4641836565,1.7728134055470564e+40,0.9999822668613161,1.5994828915529895e+40,False,0.11941330202642163,2.5544240258483888e+38,2.3056055560694116e+35,2.3259067926668378,28.665236385025892,1.028916478028741,-399.6002474549983,2.326641300159243,0.114204128933304,,12691461400.151817,43878334.686539605,8.353164627649557e-07,1.1876738537650254e+28,241368.20933438974,2215.22634449541,301.2853193794609,0.5942996604027475,13,4.080568623321406e-83,1.0,12742484270.23546,5.470262510771308e-73,1.5843333043265355e-29,4.4882375306318914e-30,1.7065620551348785e-30,3.989474551528037e-29,1,6,2.2596347173055014
